{
  "active": false,
  "triggers": [
    {
      "keyword": "cool",
      "emojis": [
        "😎"
      ]
    },
    {
      "keyword": "fire",
      "emojis": [
        "🔥"
      ]
    },
    {
      "keyword": "madmax",
      "emojis": [
        "🤢"
      ]
    },
    {
      "keyword": "daaku",
      "emojis": [
        "🍌"
      ]
    },
    {
      "keyword": "fuck",
      "emojis": [
        "🖕🏻📴"
      ]
    },
    {
      "keyword": "bonda",
      "emojis": [
        "🍑"
      ]
    }
  ]
}